date,tweet,replies_count,retweets_count,likes_count
1/1/2019,Congratulations @Tesla team!! pic.twitter.com/PBr9VVBv1S,1064,3106,76892
1/1/2020,Congratulations Tesla & SpaceX on great 2019! You rock!! Looking forward to epic 2020 ‚ô•Ô∏èüöÄüõ∞üöò‚òÄÔ∏è,2108,7901,164105
1/10/2016,First baby step in Tesla Summon capability now downloading over-the-air with V7.1,126,1543,3493
1/10/2019,Tesla *with* Autopilot engaged is twice as safe & continues to make steady improvements https://twitter.com/Teslarati/status/1082710262665355266¬†‚Ä¶,947,3211,35767
1/11/2017,Tesla's approach to building an autonomy platform is focused on high compute efficiency machine learning. Primarily vision w radar & sonar.,97,312,1865
1/12/2017,"Good point. 2.34 would be a production Tesla. Stripped down, maybe as low as 2.1.",34,81,528
1/12/2020,Teslas will soon talk to people if you want. This is real. pic.twitter.com/8AJdERX5qa,3347,14237,156957
1/14/2020,"T-shirt is bulletproof & makes u buff!
 https://shop.tesla.com/en_ca/product/men_s-cybertruck-bulletproof-tee?sku=7654399-00-A¬†‚Ä¶ pic.twitter.com/8k1WvVO1sm",1917,3046,48606
1/15/2020,Just saw this today. Tesla refunds in general should be easy to get electronically & certainly through customer service. Will he addressed.,353,262,13072
1/16/2019,"Teslarati is very thoughtful & well-written, but this stems from a miscommunication by SpaceX",46,41,1529
1/17/2019,"The Tesla customer referral program will end on Feb 1. If you want to refer a friend to buy a Tesla & give them 6 months of free Supercharging, please do so before then.",1735,2080,30225
1/17/2020,"Munro's analysis of Tesla engineering is accurate, both pro & con. I think he will appreciate some elements of the Model Y body design.",82,175,2404
1/19/2017,Report highlight: ‚ÄúThe data show that the Tesla vehicles crash rate dropped by almost 40 percent after Autosteer installation.‚Äù,253,3180,12705
1/19/2019,Tesla is the safest car according to US govt testing,109,148,1692
1/21/2017,Giant X made of Model X's by Tesla owners in China! https://twitter.com/electrekco/status/822466243408105472¬†‚Ä¶,97,792,4815
1/21/2020,Great talking with @thirdrowtesla!,88,101,1703
1/22/2017,Tesla will never stop innovating. People are buying the wrong car if they expect this. There will be major revs every 12 to 18 months.,56,211,905
1/22/2019,Tesla Sentry Mode coming soon for all cars with Enhanced Autopilot https://twitter.com/dmbfanmd/status/1087848110611722240¬†‚Ä¶,1349,3523,49958
1/22/2020,Want to play The Witcher game on your Tesla? (you can already watch the show on Tesla Netflix theater),4197,8995,85544
1/25/2020,"A Tesla works as a boat for short periods of time, as an electric car has no air intake or exhaust to block & battery/motor/electronics are water-sealed. Submarines are just underwater EVs. 
 https://m.youtube.com/watch?v=cBYFo6fXPvU¬†‚Ä¶ https://twitter.com/ThingsWork/status/1221163186574856192¬†‚Ä¶",1268,5022,47306
1/26/2019,"All doors unlock automatically when the Tesla comes to a stop after an accident. There is both primary & backup power to doors, brakes, steering & airbags.",49,78,1064
1/27/2019,Tap Tesla logo at top of your car's touchscreen & wait 10 secs to open special features box,1653,2988,62917
1/28/2019,"Great electric car documentary about early days of Tesla, GM Volt, Nissan Leaf & Gadget. So much has happened since then ‚Ä¶  https://m.youtube.com/watch?v=ru89x1jmpq4¬†‚Ä¶",641,2159,19961
1/29/2020,A friend just sent me this excerpt from a Tesla blog I wrote 14 years ago pic.twitter.com/Hr8w52ithY,4345,36464,359906
1/3/2018,Come work at the biggest & most advanced factory on Earth! Located by a river near the beautiful Sierra Nevada mountains with wild horses roaming free. https://twitter.com/tesla/status/948381391686742016¬†‚Ä¶,3319,7440,54908
1/3/2019,Great work by Tesla Team! https://twitter.com/InsideEVs/status/1080628997028040705¬†‚Ä¶,721,2481,34007
1/31/2019,Exciting to see all the new electric vehicles coming to market! We created Tesla to accelerate a sustainable future & it's happening! https://www.cnbc.com/2019/01/31/automakers-flood-market-with-electric-vehicles--potentially-creating-pile-up-of-epic-proportions.html¬†‚Ä¶,996,3581,33308
1/5/2019,Matt DeBord reviews all Tesla models  https://www.businessinsider.com/favorite-features-every-tesla-new-used-2019-1?utm_source=twitter&utm_medium=referral&utm_content=topbar&utm_term=mobile&referrer=twitter¬†‚Ä¶ via @businessinsider,239,471,6763
1/7/2018,"Gonna put an old school drive-in, roller skates & rock restaurant at one of the new Tesla Supercharger locations in LA",4364,16258,178134
1/7/2019,Looking forward to breaking ground on the @Tesla Shanghai Gigafactory today!,1015,2104,38138
1/7/2020,At Tesla Giga Shanghai NSFW!! pic.twitter.com/1yrPyzJQGZ,7144,35743,299844
1/8/2020,"‚ô•Ô∏è‚ô•Ô∏è Tesla China Team ‚ô•Ô∏è‚ô•Ô∏è
     Such amazing progress!!",1614,2959,92883
1/9/2019,"Btw, you can buy a Tesla online in less than 2 mins & give it back for a full refund for any reason  http://Tesla.com¬†",2641,4138,37579
10/10/2015,Tesla P85D (assembled in Tilburg) beats 650 hp MacLaren from 0 to 150km/h in Dutch magazine test  http://m.telegraaf.nl/autovisie/article/24599505/autovisie-tv-elektrische-auto-maakt-gehakt-van-supercar?utm_source=mail&utm_medium=email&utm_campaign=email¬†‚Ä¶,122,1130,1811
10/10/2016,"Real fraud going on is denial of climate science. As for ""subsidies"", Tesla gets pennies on dollar vs coal. How about we both go to zero?",655,11316,26333
10/10/2019,All Tesla Supercharger stations in regions affected by California power outages will have Tesla Powerpacks within next few weeks. Just waiting on permits.,639,1606,28158
10/11/2015,Some exciting news this week: Tesla Version 7 software with Autopilot goes to wide release on Thursday!,233,2143,3572
10/11/2018,"Exactly. A Tesla is objectively much safer in a crash than all other cars, according to NHTSA's *own* calculations. This is just physics!",164,535,7037
10/12/2017,"To be more inclusive, how about a ""pick your tech level"" setting. Could make the Tesla sound like horses (coconuts!), chariots, steam engines, gasoline cars, ...",122,156,1471
10/12/2018,"Tesla exists to help reduce risk of catastrophic climate change, which affects all species on Earth. Even if your faith in humanity is faltering, this is worth caring about. Support makes a difference. Thank you.",3731,26115,166943
10/12/2019,Get Tesla Solar plus Powerwall battery for 24/7 clean power & no more blackouts! http://Tesla.com/solar¬†,1318,2377,24404
10/14/2018,"Thanks for recognizing the great work of the Tesla team! 45,000 people now.",201,535,12123
10/14/2019,"It is actually called deep rain, as sort of a joke at Tesla. Takes a surprising amount of deep learning to know when & how fast to move the wipers.",50,40,742
10/15/2015,Review of Model S by @MrTeller http://www.teslamotors.com/customer-stories/i-now-love-drive¬†‚Ä¶,54,562,1738
10/15/2018,Model 3 motor & gearbox still in good condition after driving 1M miles. Designed for ultra high endurance. https://twitter.com/Tesla/status/1051911793373638661¬†‚Ä¶,1372,6505,50612
10/15/2019,Anyone who's interested in working on cutting edge manufacturing ‚Äî designing & building the machine that makes the machine ‚Äî please consider working at Tesla or SpaceX. We're gonna take this to a whole new level!,2722,2787,43167
10/16/2016,Moving the Tesla announcement to Wednesday. Needs a few more days of refinement.,628,1833,8214
10/16/2018,The FSD upgrade is the Tesla computer with our NN chip,38,42,688
10/16/2019,Tesla wins best headlights award ü•á  https://twitter.com/Teslarati/status/1184548399028285443¬†‚Ä¶ pic.twitter.com/8yfeJiXd0N,727,2368,35800
10/17/2018,Just reviewed Tesla's service locations in North America & realized we have major gaps in geographic coverage! Sorry for this foolish oversight. Tesla will aim to cover all regions of NA (not just big cities) within 3 to 6 months.,1593,2384,38892
10/18/2018,"Just released lower cost, mid-range Tesla Model 3 & super simple new order page http://Tesla.com/3¬†",3318,5388,46683
10/19/2016,Tesla announcement goes live at 5pm California time. 30 minutes of media Q&A to follow.,680,2587,6806
10/19/2018,"If you don't like a Tesla for any reason or no reason, you can just give it back for a full refund",182,198,2232
10/2/2015,"CNN on how Falcon doors work in tight garages. Above 6 2' ft, my height :), doors work fine. http://money.cnn.com/2015/10/02/autos/tesla-falcon-wing-doors/¬†‚Ä¶",85,428,886
10/2/2018,Something especially weird going on with Yahoo news feed on iPhone stocks app. Almost always super negative. Maybe getting gamed.,453,481,7845
10/2/2019,"Over 550,000 Tesla Smart Summon uses in first few days!",1431,2083,48626
10/20/2016,"Tesla drives itself (no human input at all) thru urban streets to highway to streets, then finds a parking spot https://www.tesla.com/videos/full-self-driving-hardware-all-teslas¬†‚Ä¶",900,12141,18794
10/21/2015,"Tesla gets top rating of any company in service. Most important, CR says 97% of owners expect their next car to be a Tesla (the acid test).",153,934,2213
10/21/2019,Order Tesla Solar + Powerwall battery for 24/7 clean power & no blackouts! http://Tesla.com/solar¬†,1108,1811,21840
10/22/2018,"Order Tesla without test drive & you get 3 days to return for refund, else 1 day https://twitter.com/jamescharles/status/1054488079208112133¬†‚Ä¶",401,1043,22958
10/23/2015,"@JessicaTetreau important to set AC to not recirc (air exits thru rear) and use the snap in shade, which Tesla service can provide",7,4,53
10/23/2018,"Get this question a lot, so need to clarify that there's no such thing as a Tesla ‚Äúrefresh‚Äù. Other car companies do this every ~3 years, but Tesla constantly upgrades vehicle hardware every week.",1164,3128,52800
10/23/2019,"Tesla Q3 results:

- Shanghai Giga ahead of schedule
- Model Y ahead of schedule
- Solar installs +48% from Q2
- GAAP profitable
- Positive free cash flow",2140,6634,73353
10/24/2019,Tesla Solar Tile Roof V3 launch tomorrow at 2pm,940,2527,42645
10/25/2015,My comments in China weren't transcribed correctly. Tesla will keep making cars & batteries in CA & NV as far into future as I can imagine.,92,560,1572
10/25/2018,Massive thanks to Tesla owners & supporters. We wouldn't be here without you.,2071,3818,86833
10/25/2019,"Maybe call Tesla solar roof tiles product Solarglass? Like Dragonglass, but solar!",1761,2745,59142
10/26/2015,I should clarify that  http://teslamotorsclub.com¬† is an independent website. We don't have any control over the content.,58,140,592
10/26/2017,"Btw, just want to express a word of appreciation for the hard work of the Tesla Gigafactory team. Reason I camped on the roof was because it was less time than driving to a hotel room in Reno. Production hell, ~8th circle ‚Ä¶",1191,3245,39884
10/26/2018,Glad you're ok @tylerthecreator https://www.reddit.com/r/teslamotors/comments/9rkrzg/tyler_the_creator_survives_car_crash_after/?st=JNQMEMQA&sh=1a3407e2¬†‚Ä¶,406,6145,53047
10/26/2019,Jerome is great! Tesla team in general is the strongest its ever been.,92,144,2742
10/27/2015,"Compliment from Jeffrey is much appreciated, but the people of Tesla deserve all the credit",91,234,1295
10/27/2016,Solar roof plus Powerwall 2.0 launch event will be webcast live on  http://Tesla.com¬† at 5:30pm PDT tomorrow,115,1382,3882
10/27/2018,Tesla Autopilot Drive on Navigation going to wide release in North America tonight,1584,3664,49406
10/27/2019,Thanks to everyone at Tesla who worked so hard over the years to make our Fremont factory successful!,133,281,6495
10/28/2019,"If you're directly affected by wildfire power outages, Tesla is reducing Solar+Powerwall prices by $1000 as of today",828,4708,69976
10/29/2015,Model S Ludicrous Mode achieves 2.6 sec 0-60 mph and 10.9 sec 1/4 mile in Motor Trend test  http://m.motortrend.com/roadtests/sedans/2015-tesla-model-s-p90d-ludicrous-upgrade-first-test-review/??sm_id=social_aumomotortrendhub_MotorTrend_20151028_54607566&adbid=659489836311556096&adbpl=tw&adbpr=25383000¬†‚Ä¶,174,1303,2174
10/29/2016,"Should mention that the Tesla solar roof is robust against any weather, incl heavy hail. Also, higher insulating value than a standard roof.",862,4057,14372
10/29/2018,Deleted my Tesla titles last week to see what would happen. I'm now the Nothing of Tesla. Seems fine so far.,3641,8921,126164
10/30/2019,Just a reminder that the Tesla Full Self-Driving option goes up by $1000 at midnight on Nov 1 for all regions that have Smart Summon. Order your car online at  http://tesla.com¬†.,719,762,14877
10/31/2018,"For those unfamiliar, this uses Tesla Autopark/Summon. Slightly smarter version hopefully ready soon. By next year, a Tesla should be able to drive around a parking lot, find an empty spot, read signs to confirm it's valid & park.",577,3355,30988
10/4/2018,"By revenue, taking publicly available selling prices, Model 3 actually outsold Camry by a factor of two https://www.bloomberg.com/news/articles/2018-10-03/tesla-s-model-3-is-becoming-one-of-america-s-best-selling-sedans¬†‚Ä¶",371,1310,11721
10/5/2017,"The Tesla team has done this for many smaller islands around the world, but there is no scalability limit, so it can be done for Puerto Rico too. Such a decision would be in the hands of the PR govt, PUC, any commercial stakeholders and, most importantly, the people of PR.",1177,9224,32096
10/5/2018,Tesla owners can refer someone to buy a Tesla & get any image they want laser etched in glass & sent to deep space for millions of years https://twitter.com/Teslarati/status/1048112638402674688¬†‚Ä¶,1343,3206,25126
10/6/2017,Tesla Semi unveil now Nov 16. Diverting resources to fix Model 3 bottlenecks & increase battery production for Puerto Rico & other affected areas.,2007,9017,51303
10/6/2019,"Customized horn & movement sounds (coconuts being one, of course) coming to Teslas soon",2016,2578,46001
10/7/2016,Cumulative Tesla Autopilot miles now at 222 million,332,2120,8907
10/7/2018,"Tesla owner shows how well ultrawhite seats hold up after 25,000 miles. The black & white interior is def best imo. https://youtu.be/yEkmPaoBYZs¬†",465,625,10308
10/7/2019,And that's just the tip of the iceberg https://twitter.com/Teslarati/status/1180928229059809284¬†‚Ä¶,1777,9606,91712
10/8/2018,"The physics of how Tesla achieved best safety of any cars ever tested. Note, when vehicle weight is taken into account, order is more like X,S, then 3, but they are all very close. https://twitter.com/Tesla/status/1049284924321087488¬†‚Ä¶",925,3132,27731
10/9/2016,"Tesla product unveiling on the 17th (unexpected by most), followed by Tesla/SolarCity on the 28th",670,4947,12632
10/9/2018,No such thing as a ‚Äúfull refresh‚Äù at Tesla or even a model year. Our cars are partially upgraded every month as soon as a new subsystem is ready for production. There is no cadence.,112,131,1241
10/9/2019,Tesla software V10.0 comes with karaoke üé§,1376,4015,56320
11/1/2018,"Tesla advanced Summon ready in ~6 weeks! Just an over-the-air software upgrade, so will work on all cars made in past 2 years (Autopilot hardware V2+).",878,3542,41719
11/1/2019,"Tesla Solarglass vs üéÉ 
Happy Halloween!! pic.twitter.com/p5tXeJYqne",1225,4934,86473
11/10/2018,"If Tesla can help people in California wildfire, please let us know. Model S & X have hospital grade HEPA filters. Maybe helpful for transporting people.",2572,14829,131271
11/12/2017,Tesla Semi Truck unveil to be webcast live on Thursday at 8pm! This will blow your mind clear out of your skull and into an alternate dimension. Just need to find my portal gun ...,2723,24668,112690
11/13/2019,Congrats to Tesla team on Model 3 winning best midsize car in Germany! üá©üá™üá©üá™üá©üá™ https://www.axelspringer.com/en/press-releases/mobility-requires-freedom-the-golden-steering-wheel-2019-bild-am-sonntag-and-auto-bild-award-the-best-cars¬†‚Ä¶,736,1975,25293
11/14/2018,"Congratulations @SpaceX team! Thanks @NASA, much appreciated. https://twitter.com/Teslarati/status/1062255003052769281¬†‚Ä¶",518,3085,38571
11/15/2016,Love you too! http://www.thedrive.com/news/6007/tesla-model-s-declared-the-most-loved-car-in-america-again¬†‚Ä¶,301,1969,9207
11/15/2018,Tesla just acquired trucking capacity to ensure Model 3 can be delivered in US by Dec 31 if ordered by Nov 30 https://3.tesla.com/model3/design#battery¬†‚Ä¶,1369,1787,19806
11/17/2016,Vote tally shows ~85% of unaffiliated shareholders in favor of the Tesla/SolarCity merger! Thanks for believing.,449,2702,15377
11/17/2017,Tesla Semi pic.twitter.com/7VLz7F46Ji,2031,22309,114222
11/17/2018,"Set air flow to recirculating mode & manually raise blower speed to 5 in Model 3 for best air quality. Air filters are smaller than S/X, so clear air is achieved by circulating through filter several times. https://twitter.com/Teslarati/status/1063855556534898689¬†‚Ä¶",390,1808,18115
11/18/2019,I'd be way too embarrassed to put that on a Tesla. It's like a kid's drawing.,118,48,1476
11/19/2016,Longer version of self-driving demo with Paint It Black soundtrack https://www.tesla.com/videos/autopilot-self-driving-hardware-neighborhood-long?redirect=no¬†‚Ä¶,578,5550,10834
11/19/2018,Adding functionality to Tesla phone app allowing owners to request service for top issues with 1 or 2 taps https://twitter.com/cjk7216/status/1057765681108725760¬†‚Ä¶,583,2376,31488
11/2/2015,@BjornNyland @TeslaMotors well done!,16,33,225
11/2/2018,"Amazing results by @Panasonic at Tesla Gigafactory Nevada! Very much appreciate extreme hard work it took to achieve this result. Together with Pana Japan cell plants, Tesla/Pana partnership is producing ~60% of global EV battery output!",129,601,7673
11/20/2015,"Ramping up the Autopilot software team at Tesla to achieve generalized full autonomy. If interested, contact autopilot@teslamotors.com.",205,1910,2999
11/20/2019,"So many reporters gave Chanos airtime when he called Tesla a worthless fraud. Now that he has been proven wrong, silence ‚Ä¶",363,543,4802
11/21/2019,Tesla Cybertruck (pressurized edition) will be official truck of Mars,2366,10441,123409
11/22/2019,"Better truck than an F-150, faster than a Porsche 911. Order Cybertruck online at https://www.tesla.com/cybertruck/design#battery¬†‚Ä¶",11224,16530,155462
11/23/2017,Congratulations to the Tesla crew and South Australian authorities who worked so hard to get this manufactured and installed in record time! https://apple.news/AnM79rCgXRFSvm4cgk5kfhw¬†‚Ä¶,1134,7352,38524
11/23/2018,"If you don't want a Tesla, here's a list of all electric cars in North America  https://cleantechnica.com/2018/01/07/electric-vehicles-for-sale-usa/¬†‚Ä¶ via @cleantechnica",2156,3801,30530
11/23/2019,Riding in the Cybertruck https://twitter.com/Teslarati/status/1197779337681854464¬†‚Ä¶,838,1603,30737
11/24/2019,"We're creating this alloy at Tesla. Not a problem to create a lot of it, but we'll need to come up with new body manufacturing methods, as it can't be made using standard methods.",144,124,2595
11/26/2018,"Join to create exciting new worlds of technology!! If getting things done matters to you, then @SpaceX, @Tesla, @BoringCompany & @Neuralink are the places to be. https://twitter.com/WSJ/status/1067168653718814720¬†‚Ä¶",1478,3113,35884
11/28/2018,"Cool! Actually, if you buy a Tesla without a test drive, you have 3 days to return it. If you buy after a test drive, you still have 24 hours. Trying to incent buying with no test drive. https://twitter.com/crock23a/status/1067530874491715584¬†‚Ä¶",998,2253,33603
11/29/2018,"You can summon your Tesla from your phone. Only short distances today, but in a few years summon will work from across the continent. https://twitter.com/RodneyHansen/status/1067201940352786432¬†‚Ä¶",3287,25832,180525
11/30/2018,Your Tesla can function as a boat for brief periods of time https://electrek.co/2016/06/18/tesla-model-s-driving-swimming-flooded-tunnel-video/¬†‚Ä¶,315,878,7846
11/4/2016,Great Model X article by @BBC_TopGear! https://twitter.com/teslamotors/status/794247505911259136¬†‚Ä¶,70,458,2031
11/5/2016,"Tesla will def absorb SolarCity debt. Altho extremely unlikely, I would pay it personally if need be. Debts must be honored.",46,239,1057
11/5/2019,Fair point. Coming soon. We're making foundational upgrades to the core Tesla corporate OS. 2FA right after that.,71,78,1624
11/6/2016,Playing Amish Paradise in my Tesla,699,5133,20894
11/9/2018,Please lmk what you'd most like improved/fixed about your Tesla. Thanks!,22139,2141,56898
12/1/2018,"Perhaps most telling is that Norway, which is partly above the Arctic Circle, has more Teslas per capita than any other country on Earth.",39,48,751
12/1/2019,"Tesla was almost called Faraday, as original holder of Tesla Motors trademark refused to sell it to us!",141,198,3017
12/11/2018,"Love that people are buying a Tesla for the product itself, even if they don't believe in climate change. 

Not everyone can be convinced about global warming, but if an electric car is simply the best product, they don't need to be. https://twitter.com/InsideEVs/status/1072485984628105219¬†‚Ä¶",1731,4841,45099
12/15/2018,"In other words, you may be able to get a Tesla before the $7500 US tax credit drops in 2 weeks, even if you haven't placed an order yet",397,520,9348
12/16/2018,Tesla üí® app almost done. Important to get every note right!,841,1457,35344
12/18/2016,Tesla software team is working seven days a week to complete testing and validation. Getting close.,45,76,678
12/18/2018,Honored to work with amazing teams at SpaceX & Tesla! https://twitter.com/Teslarati/status/1075002416830054402¬†‚Ä¶,678,2134,35079
12/19/2015,This article does not appreciate that Tesla is in California despite taxes net of rebates being higher. Incentives only a partial offset.,93,202,1031
12/19/2018,Tesla in @boringcompany tunnel with retractable wheel gear that turns a car into a rail-guided train & back again pic.twitter.com/3a6i0NoSmi,1541,8657,58325
12/19/2019,Tesla Moth Mode (better late than never) pic.twitter.com/Rcu87A8NkO,1286,20484,186242
12/2/2017,Payload will be my midnight cherry Tesla Roadster playing Space Oddity. Destination is Mars orbit. Will be in deep space for a billion years or so if it doesn't blow up on ascent.,3804,15528,77898
12/20/2018,Tesla phone app release next week will enable service scheduling in 2 mins with a few taps. No more need to call!,719,1303,23305
12/20/2019,"Tesla holiday software update has FSD sneak preview, Stardew Valley, Lost Backgammon & a few other things",1840,3126,65132
12/21/2017,Glad to see that Tesla owners are having a good experience. Working to improve further. Some cool software updates coming soon. https://twitter.com/teslamotorsclub/status/943864830943006721¬†‚Ä¶,768,1941,22091
12/21/2019,We're working on moving more cars to Florida. End of year delivery is intense! Very proud of Tesla team for all their hard work.,109,192,4420
12/22/2016,Tesla Autopilot vision neural net now working well. Just need to get a lot of road time to validate in a wide range of environments.,690,3535,16754
12/22/2018,"Tesla has released all cars for sale where original customer can't take delivery before year end, as well as test drive / display cars, which cost less.

Reminder to US buyers that $7500 tax credit drops in half in 8 days. Order online at  http://Tesla.com¬† or visit stores.",832,1511,14734
12/22/2019,"If Tesla & SpaceX go bankrupt, so will I. As it should be.",2012,7735,133542
12/23/2017,"When you get the new Tesla software update, go Ho Ho Ho. There's an Easter egg inside the Easter egg, but it's not funny.",922,2502,33048
12/23/2019,stock art pic.twitter.com/HSWnwK68OV,7601,42308,363817
12/26/2017,"Wanted again to send a note of deep gratitude to Tesla owners WW for taking a chance on a new company that all experts said would fail. 

So much blood, sweat & tears from the Tesla team went into creating cars that you'd truly love. I hope you do.

How can we improve further?",14973,12514,132362
12/26/2018,"Most importantly, every electric car, Tesla or otherwise, matters to the environment we all share. Every time someone chooses electric, the future gets a little bit brighter!

If not Tesla, please take a look at these other options:
 https://en.m.wikipedia.org/wiki/List_of_electric_cars_currently_available¬†‚Ä¶",691,2295,20047
12/26/2019,"Just swipe down on Tesla nav button for car to automatically navigate to home, work or destination in calendar",1181,2276,61079
12/27/2018,Tesla team did a great job!,103,152,3927
12/28/2018,Excited to have Larry Ellison & Kathleen Wilson-Thompson join the Tesla board! pic.twitter.com/CQyvkgsCsT,1069,2284,37872
12/29/2019,Sorry about this. We will do our best. The Tesla production & delivery teams have been working super hard.,29,38,1066
12/3/2018,"We're adding police car, fire truck & ambulance to the Tesla neural net in coming months",97,96,1220
12/30/2018,Thanks Tesla owners in China! Looking forward to visiting soon for the groundbreaking of Gigafactory Shanghai!,106,145,2920
12/30/2019,Amazing work by Tesla China team!! ‚ù§Ô∏è‚ù§Ô∏è,110,166,2819
12/31/2018,"Good summary of Tesla progress in 2018 by @cleantechnica (due to Tesla team, not me though)  https://cleantechnica.com/2018/12/30/2018-was-a-giant-awesome-year-for-tesla-because-elon-musk/¬†‚Ä¶ via @cleantechnica",311,962,9515
12/31/2019,Thanks all Tesla club members for helping out! Looking forward to seeing you there tomorrow. ‚ù§Ô∏è,110,154,3086
12/7/2019,Huge admiration & respect for the Tesla China team. Their talent & drive is amazing!,163,232,4945
12/9/2018,"If you have a Tesla built in past 2 years, definitely try Navigate on Autopilot. It will blow your mind. Automatically passes slow cars & takes highway interchanges & off-ramps.",1720,5203,72621
2/10/2016,Love this Tesla video made by http://freisebrothers.com/tesla-notadream/¬†‚Ä¶,141,1733,3930
2/10/2017,"Please check your facts. Tesla and SpaceX joined as soon as we received the filing, which was Monday.",22,33,386
2/10/2020,"Tesla April company talk will be from our Giga New York factory, where we make SolarGlass & several other products. Will also offer customer & media tours.",961,1857,36525
2/11/2016,Model 3 reservations ($1000 down) will be accepted in Tesla stores on March 31 and online April 1,511,3366,5922
2/11/2017,Sounds like the Tesla Powerwall (consumer) and Powerpack (utility/commercial) might be useful,50,83,724
2/12/2019,To air is human https://twitter.com/Tesla/status/1095085979419832320¬†‚Ä¶,1378,4651,66682
2/13/2019,Tesla Model X first SUV to receive a perfect crash test rating  https://www.businessinsider.com/tesla-model-x-perfect-safety-crash-test-rating-2019-2?utm_source=twitter&utm_medium=referral&utm_content=topbar&utm_term=mobile&referrer=twitter¬†‚Ä¶ via @businessinsider,1025,4563,41648
2/14/2019,CNBC - ‚ÄúTesla Model 3 ranked most satisfying car‚Äù https://www.cnbc.com/2019/02/11/consumer-reports-teslas-model-3-most-satisfying-car.html¬†‚Ä¶,1023,2031,24376
2/15/2017,"In appreciation, Tesla is providing all repair costs free of charge and expedited. http://jalopnik.com/heroic-driver-sacrifices-his-tesla-to-save-unconscious-1792349590¬†‚Ä¶",843,14357,49041
2/15/2020,Tesla Model S estimated EPA range is now above 390 miles or ~630 km https://www.tesla.com/models/design#battery¬†‚Ä¶,1687,3596,48064
2/16/2016,"@chriskreidler @engadget yes, this was done jointly with Tesla and Radio Flyer",6,19,134
2/16/2020,"Tesla is ramping up Solar Roof installation across the USA! Training will be provided, so no prior experience needed. Apply at https://www.tesla.com/solarroofjobs¬†",1927,5207,50147
2/17/2019,I had to focus on solving a painfully large number of engineering & manufacturing problems at Tesla (especially) & SpaceX,52,72,1907
2/17/2020,"All orgs developing advanced AI should be regulated, including Tesla",107,257,1858
2/2/2020,Tesla will hold a super fun AI party/hackathon at my house with the Tesla AI/autopilot team in about four weeks. Invitations going out soon.,7092,5890,108194
2/20/2019,4000 Tesla cars loading in SF for Europe pic.twitter.com/BODbSzo3Fr,4979,17558,213830
2/21/2016,Just wanted to thank Stu G for  http://tesla.com¬†. Know it meant a lot to you. Will take good care.,97,673,3549
2/21/2019,"SpaceX commercial üöÄ launch market share went from 0% in 2010 to 65% in 2018. Despite massive subsidies to Boeing/Lockeed, they have never won a fair competition against SpaceX for several years. pic.twitter.com/sqAYCCcJtd",65,208,2009
2/22/2020,Model 3 achieves 350 mile actual range vs 310 EPA sticker in Consumer Reports testing https://www.consumerreports.org/hybrids-evs/tesla-ups-ante-on-model-y-range-underscoring-ev-lead/¬†‚Ä¶,1189,2319,31842
2/23/2016,@RoMcLocko @TeslaMotors coming later this year,18,53,140
2/23/2017,Excellent Tesla Model X review http://www.chicagotribune.com/classified/automotive/new/sc-tesla-model-x-autoreview-0202-story.html¬†‚Ä¶,217,840,3713
2/24/2015,Tesla Model S rated by @ConsumerReports as best car in world for 2nd year in a row http://www.consumerreports.org/cro/magazine/2015/04/consumer-reports-10-top-picks-of-2015/index.htm¬†‚Ä¶,187,1668,2101
2/24/2018,Am feeling optimistic about beating the Semi specs announced at the unveiling for the same price. The Tesla Semi will be something really special.,367,974,15851
2/25/2020,Teslas in a tunnel. Happening in Vegas rn.,116,159,2717
2/26/2019,"SEC forgot to read Tesla earnings transcript, which clearly states 350k to 500k. How embarrassing ‚Ä¶ ü§ó",360,574,4388
2/27/2016,"@skiesforme @TeslaMotors That said, the white interior is the best. Highly recommend.",1,9,61
2/27/2019,Some Tesla news,2099,1991,69144
2/3/2019,How Model 3 performs on a long road trip https://insideevs.com/lists/how-tesla-model-3-cracked-code-ev-road-trip/¬†‚Ä¶,598,856,12223
2/3/2020,"Ok sure üòÄ Btw, we recruit great engineers from almost anywhere in the world, so this shouldn't be thought of as USA only. Also, work location can be Bay Area (preferred), but Austin (many of our chip designers are there) or potentially any Tesla Gigafactory.",244,230,5185
2/7/2017,Production Tesla Model S P100DL sets Motor Trend all-time world record to 60 mph in 2.27 sec http://bit.ly/2kmMo3m¬†,770,7273,19624
2/8/2019,Joe Rogan describes Tesla for 4 mins & 20 secs https://m.youtube.com/watch?t=6076&v=O00gaA5u6BI&feature=youtu.be¬†‚Ä¶,836,2352,28988
2/9/2019,"Just left Zeebrugge, now Tilburg, then Tesla HQ in Amsterdam & Oslo tonight to review service in Norway. Exciting to see thousands of Model 3's on their way to owners in Europe! pic.twitter.com/PeRo4jhiCB",2122,2593,45460
2/9/2020,Order at  https://www.tesla.com/solarroof¬† https://twitter.com/Tesla/status/1226628461277483008¬†‚Ä¶,2457,7677,98996
3/1/2019,Exact Tesla Model 3 in my profile pic costs $35k before incentives & takes 1 minute to buy online at http://Tesla.com¬†,1675,2839,27698
3/10/2017,Tesla will get the system installed and working 100 days from contract signature or it is free. That serious enough for you?,608,6241,15449
3/10/2020,"Congratulations Tesla team on making our 1,000,000th car!! pic.twitter.com/5M99a9LLQi",4019,20247,258364
3/12/2019,"Tesla car prices go up ~3% next week, except for $35k Model 3. Order online at  http://Tesla.com¬† before then for current prices.",1325,1551,24944
3/16/2015,Some people seem to think I tweet to affect share price. This is false. A brief rise in $TSLA stock obviously does no good for Tesla or me.,142,642,1465
3/16/2019,Reminder to buy our S3XY cars before midnight on Monday! Prices rise slightly worldwide on Tuesday. You can order online at  http://Tesla.com¬†.,1690,3007,40617
3/17/2015,"To be clear, Tesla is strongly in favor of people being allowed to drive their cars and always will be. Hopefully, that is obvious.",138,721,1678
3/18/2015,Thanks to everyone that supported Tesla in New Jersey! We couldn't have done it without you. http://techcrunch.com/2015/03/18/tesla-can-now-resume-car-sales-in-new-jersey/#tmhmdj:oHlj¬†‚Ä¶,166,701,1639
3/19/2020,"Tesla makes cars with sophisticated hvac systems. SpaceX makes spacecraft with life support systems. Ventilators are not difficult, but cannot be produced instantly. Which hospitals have these shortages you speak of right now?",3692,2158,12350
3/2/2019,"If you bought a Tesla before yesterday's price reduction, you can have Autopilot or full self-driving at half normal cost (up to $6k less) https://twitter.com/Tesla/status/1101721765707825152¬†‚Ä¶",1116,1401,23444
3/20/2016,Tesla charger map https://twitter.com/teslamotors/status/711601527765360640¬†‚Ä¶,168,955,2610
3/21/2019,Jim Cramer explains short-seller market manipulation  https://en.m.wikipedia.org/wiki/Jim_Cramer#Market_manipulation¬†‚Ä¶,200,298,2648
3/22/2018,Maybe there should be 2 providers for Chicago advanced transit. Monopolies are so boring ... https://www.teslarati.com/elon-musk-boring-company-chicago-ohare-tunnel-final-two-bids/¬†‚Ä¶,597,2567,21835
3/22/2019,New Tesla referral program just released https://www.tesla.com/blog/teslas-new-customer-referral-program?redirect=no¬†‚Ä¶,1108,1593,19004
3/24/2017,"Am noticing that many people think Model 3 is the ""next version"" of a Tesla, like iPhone 2 vs 3. This is not true.",490,1301,7388
3/24/2019,Please note prices on all Tesla inventory cars worldwide rise by ~3% on April 1,1144,1296,26961
3/24/2020,"Thanks Tesla China team, China Customs Authority & LAX customs for acting so swiftly",141,339,6138
3/26/2019,Thank you! https://twitter.com/Tesla/status/1109495034959675393¬†‚Ä¶,732,1572,39990
3/27/2019,Super proud of Tesla Autopilot team!,247,318,13253
3/27/2020,You're most welcome. Credit to the Tesla team. Will do our best to help in any way.,295,709,18047
3/28/2017,Glad to have Tencent as an investor and advisor to Tesla,39,95,543
3/3/2019,First public Tesla V3.0 Supercharger Station goes live Wed 8pm,752,2265,34181
3/30/2015,"Major new Tesla product line -- not a car -- will be unveiled at our Hawthorne Design Studio on Thurs 8pm, April 30",1032,6342,5392
3/30/2019,Tesla Semi delivering Tesla cars pic.twitter.com/ttEpcW5d8G,3046,16395,200044
3/31/2016,Model 3 unveil will be webcast live at 8:30pm California time at  http://Tesla.com¬†,245,2908,4709
3/31/2020,"We have extra FDA-approved ventilators. Will ship to hospitals worldwide within Tesla delivery regions. Device & shipping cost are free. Only requirement is that the vents are needed immediately for patients, not stored in a warehouse. Please me or @Tesla know.",12883,73413,317668
3/4/2016,@Astro_Valdric @TeslaMotors We spoke earlier today and he said he would investigate the situation.,23,73,224
3/5/2016,@wk057 @TeslaMotors Wasn't done at my request. Good hacking is a gift.,22,95,446
3/5/2019,Tesla comms is fixing. That was a mistake.,238,167,8759
3/6/2016,"SpaceX and Tesla rated most meaningful work in high tech. Also, most stressful, but that goes with the territory. https://twitter.com/dfjsteve/status/705925529388453888¬†‚Ä¶",169,2404,5578
3/7/2018,"First production cargo trip of the Tesla Semi heavy duty truck, carrying battery packs from the‚Ä¶  https://www.instagram.com/p/BgCJlKbFckb/¬†",890,4240,32616
3/7/2019,"Latest software improves Tesla Supercharger times by up to 25% for all Tesla S/X/3 worldwide, incl original 2012 Model S. Not splitting power across 2 Supercharger stalls helps all cars up to 50%. https://twitter.com/Alandbru/status/1103760956830691328¬†‚Ä¶",603,1527,24217
3/9/2018,"To be clear, I think a fair outcome for all is quite likely. China has already shown a willingness to open their markets and I believe they will do the right thing.",166,348,3912
4/1/2015,Announcing the amazing Tesla Model W http://www.teslamotors.com/blog/announcing-tesla-model-w¬†‚Ä¶,368,1642,2033
4/1/2016,"@Alyssa_Milano Hi Alyssa, thanks for placing your faith in Tesla. I hope you have a great experience with the car.",3,35,372
4/1/2018,"Tesla Goes Bankrupt
Palo Alto, California, April 1, 2018 -- Despite intense efforts to raise money, including a last-ditch mass sale of Easter Eggs, we are sad to report that Tesla has gone completely and totally bankrupt. So bankrupt, you can't believe it.",3782,21851,122206
4/1/2019,"Going forward, all Tesla stores will be tiny & have tiny cars",246,379,8498
4/10/2019,I first read this as making wind with üßÄ https://twitter.com/Tesla/status/1115986443501838337¬†‚Ä¶,718,962,21050
4/11/2015,"Just announced new Tesla 70D all-wheel drive, 240 mile range car for ~$55k (after gas savings & incentives)
 http://my.teslamotors.com/models/design¬†",189,1507,2091
4/12/2017,Autolist survey finds Tesla used car values are highest and sell fastest http://www.marketwatch.com/story/used-tesla-model-s-sell-faster-and-for-more-money-than-peers-study-says-2017-04-12¬†‚Ä¶,730,1636,7905
4/12/2019,Leasing now available for Model 3 http://Tesla.com/3¬†,943,1216,15235
4/13/2017,Tesla Semi truck unveil set for September. Team has done an amazing job. Seriously next level.,1793,14668,50872
4/13/2018,"Yes, excessive automation at Tesla was a mistake. To be precise, my mistake. Humans are underrated.",1222,7217,38966
4/13/2019,Please note that the price of the Tesla Full Self-Driving option will increase substantially over time,2314,1925,39945
4/14/2019,"That tweet did take immense effort ü§£ü§£ Fair point tho. Powerwall production is now ramping fast. Tesla was cell-starved last year, so we had to switch all lines to make packs for cars, which meant Powerwall production was living off scraps.",106,119,4889
4/15/2018,Interview and Tesla factory tour with Gayle King https://www.cbsnews.com/news/elon-musk-tesla-model-3-problems-interview-today-2018-04-13/?ftag=CNM-00-10aac3a¬†‚Ä¶,811,2739,21322
4/15/2019,Buying a car in 2019 that can't upgrade to full self-driving is like buying a horse instead of a car in 1919 https://cleantechnica.com/2019/04/14/the-mystery-of-tesla-model-3-demand/¬†‚Ä¶,1848,4310,37214
4/16/2019,"Yeah, gave everything I had to Tesla in Dec 2008",215,276,4292
4/16/2020,Partial list of hospitals to which Tesla sent ventilators pic.twitter.com/sfI6yuUbrM,4532,18118,193486
4/17/2017,Tesla will soon be offering a compelling means of upgrading a 60 to a 75,49,19,241
4/18/2018,Tesla batteries are currently live & delivering power at 662 locations in Puerto Rico. Team is working 24/7 to activate several hundred more. https://twitter.com/nowthisnews/status/986646841503596544¬†‚Ä¶,2074,32685,152489
4/19/2015,@andrewket @TeslaRoadTrip Wow!,22,19,125
4/19/2019,"Put water repellant coating on radar, dark rectangle just below nose. Anything hydrophobic from hardware store or Tesla service can do it.",64,74,2005
4/2/2016,"@grebakshay We are working on an exact date, but Tesla will be in India before 3 production starts.",70,342,645
4/2/2018,"Tesla policy is to issue a recall *before* there are injuries. This is absolutely the right thing to do. Yet there were dozens of recalls by other car companies last month, incl w injuries & deaths, but you only wrote an article about Tesla. Why so?",1242,4555,38209
4/20/2016,Looks like Model X resale value is holding up well :) http://www.bloomberg.com/news/articles/2016-04-20/ford-pays-199-950-before-taxes-for-tesla-s-64th-model-x-suv¬†‚Ä¶,193,1165,3937
4/21/2019,"Never seen anything like it. Tesla is just trying to make electric cars & solar power for a better future for all. True, we might not succeed, but why do they want us to fail?",560,311,3396
4/22/2019,Full Metal Alchemy https://twitter.com/Tesla/status/1119767408556687361¬†‚Ä¶,2139,14819,111053
4/23/2019,"Tesla is going to develop a quiet, electric leafblower",10143,24222,307580
4/23/2020,"In advance of this, please try to hack Starlink & Tesla Mothership! https://twitter.com/hackclub/status/1253073891049734150¬†‚Ä¶",869,2216,24540
4/24/2019,Tesla blows haha,1917,18046,186342
4/24/2020,Welcome @hiromichimizuno to the Tesla board! Honored to have you.,697,837,22657
4/25/2018,I know ‚Ä¶ such an underserved market,173,802,26010
4/25/2019,"CleanTechnica summarizes new @BBC_TopGear print cover story
 https://cleantechnica.com/2019/04/25/tesla-model-3-performance-crushes-fossil-bmw-m3-around-race-track/¬†‚Ä¶ pic.twitter.com/vPHCRSz4rv",515,1492,17602
4/25/2020,Many talented engineers are working on FSD at Tesla. What matters is solving vision at high frame rate in our compute space with low latency between camera frame & actuation.,86,152,1608
4/26/2019,Great work by Tesla China team & supporting contractors!,231,212,7772
4/28/2017,Boring https://twitter.com/teslarati/status/857991868340068352¬†‚Ä¶,573,4184,17299
4/28/2019,"Exactly, Tesla & Nvidia numbers described by Pete were max *usable* teraops running our vision net",18,25,487
4/29/2016,@erothenberg Simple answer is that there just aren't many used Teslas available. Demand >> supply.,6,13,97
4/3/2016,"Model 3 will be RWD, with dual motor AWD optional. Even RWD will have great traction on ice due to fast torque response of Tesla drivetrain.",242,1337,4794
4/3/2017,"Exactly. Tesla is absurdly overvalued if based on the past, but that's irrelevant. A stock price represents risk-adjusted future cash flows.",151,534,1636
4/3/2019,This is way more awesome than it might sound https://twitter.com/Tesla/status/1113580660055101440¬†‚Ä¶,652,828,15571
4/3/2020,"Oh sure, good point. Will discuss with team & make available to buy in Tesla app.",94,47,754
4/4/2015,We just got banned in West Virginia. Oh no. http://www.mercurynews.com/60-second-business-break/ci_27844803/biz-break-tesla-gives-carmaker-tradition-sales-banned¬†‚Ä¶,560,1475,2661
4/4/2016,@lordsshrivas Coming soon for all Tesla cars. Just an OTA software update.,16,39,460
4/4/2018,Most people don't know there's a whole box of Easter eggs with every Tesla. Just tap logo on center screen & wait. Easy access to most of discovered ones. More coming ‚Ä¶,1034,2107,28871
4/4/2019,"Totally agree. Tesla phone app should have all controls that car center screen has, so your phone can serve as a complete backup.",200,257,7416
4/4/2020,First Medtronic units from Tesla getting installed in NY metro area. These are for worst case situations. pic.twitter.com/xyFRZwv1M7,215,740,7258
4/5/2016,Model X review http://www.thedrive.com/new-cars/2875/why-the-tesla-model-x-will-make-you-want-an-american-suv¬†‚Ä¶,91,849,2441
4/5/2019,"It's there for when we start competing with Uber/Lyft & people allow their car to earn money for them as part of the Tesla shared autonomy fleet. In case someone messes up your car, you can check the video.",561,1766,27235
4/5/2020,We're adding this here catchy tune to the music maker in the Tesla!,345,303,11292
4/6/2015,Welcome @Chiefboltkennyh to @TeslaMotors. He will apply Formula 1 techniques to revolutionize servicing mainstream cars.,97,580,1180
4/6/2019,Tesla Enhanced Summon coming out in US next week for anyone with Enhanced Autopilot or Full Self-Driving option,697,1309,24079
4/7/2017,Feature coming soon that allows one touch access to all discovered Tesla Easter eggs pic.twitter.com/oWU6oq9Jqb,753,948,6158
4/7/2019,It will enable video when parked & connected to WiFi. All Tesla Superchargers will have free WiFi over time.,97,71,1185
4/8/2016,SolarCity panels produce enough zero carbon energy to charge entire Tesla fleet  http://blog.solarcity.com/solarcity-customers-8-gigawatt-hours-teslas?sourcetype=SocialPost&trafficsource=twitter&campaignname=TW-APR2016-CompanyNews-03¬†‚Ä¶,209,2003,4632
4/8/2018,Upgraded SpaceX/Tesla Hyperloop pod speed test soon. Will try to reach half speed of sound (and brake) within ~1.2km.,222,1076,13048
4/8/2019,The Tesla Full Self-Driving Computer now in production is at about 5% compute load for these tasks or 10% with full fail-over redundancy https://twitter.com/DrCamiloOrtiz/status/1114328048915099649¬†‚Ä¶,1071,5586,47161
4/8/2020,"Humans drive using 2 cameras on a slow gimbal & are often distracted. A Tesla with 8 cameras, radar, sonar & always being alert can definitely be superhuman.",302,634,5407
4/9/2015,Testing of the high performance version of the Tesla Model S by @ConsumerReports https://m.youtube.com/watch?v=QNfAiyiZpVE&feature=youtu.be¬†‚Ä¶,68,409,752
4/9/2016,"Just wanted to write a note of appreciation for all those who have supported Tesla, SpaceX & SolarCity over the years. Thank you.",1316,6256,33762
5/1/2015,"For more info on Tesla Energy, check out press kit. $250/kWh for utility scale is the real kicker http://www.teslamotors.com/presskit/teslaenergy?via=newsletter&source=CSAMedition¬†‚Ä¶",169,1215,1409
5/1/2020,Tesla stock price is too high imo,13423,23038,201919
5/10/2016,@vicentes @TeslaMotors @Tim_Stevens @CNET coming soon,9,6,95
5/10/2017,Tesla solar glass roof orders open this afternoon. I think it will be great. More in about 10 hours ...,680,3915,17097
5/10/2018,Tesla quarterly all-hands video. Love the shot of wild horses & Giga in winter https://m.youtube.com/watch?feature=youtu.be&v=azUbCdcAeFM¬†‚Ä¶,584,2013,12856
5/10/2019,Truth https://twitter.com/Tesla/status/1126911564286767106¬†‚Ä¶,743,5311,83111
5/11/2018,"Our giant auto co competitors have much greater access to incentives than Tesla, which means Tesla has prospered in spite of govt subsidies, not because of them. Tesla mkt cap has *risen* over time as EV incentives declined. How strange ‚Ä¶",286,819,12044
5/11/2019,‚ô•Ô∏èu3k https://twitter.com/Teslarati/status/1127273426333388801¬†‚Ä¶,562,1495,24305
5/11/2020,"Tesla is restarting production today against Alameda County rules. I will be on the line with everyone else. If anyone is arrested, I ask that it only be me.",34568,81121,527222
5/12/2015,"@TeslaP85D That is true. If someone says they are thinking about having kids, I always encourage them to do so.",19,37,235
5/12/2017,"Tesla needs to iterate fast on solar roof prefab/install technology, so all installs will be done by Tesla techs at first",17,8,166
5/12/2019,Completely agree. Every Tesla should have good art & music creation software.,97,154,3482
5/12/2020,"All other car companies are allowed to manufacture *except* Tesla, you knucklehead. No wonder you got crushed by a computer the size of a pizza box.",565,617,7743
5/14/2016,Excited to announce Tesla's entry into automotive racing! https://twitter.com/teslamotors/status/731581807099944960¬†‚Ä¶,134,949,3181
5/14/2018,"It's super messed up that a Tesla crash resulting in a broken ankle is front page news and the ~40,000 people who died in US auto accidents alone in past year get almost no coverage  https://www.washingtonpost.com/business/tesla-with-autopilot-slams-into-truck-stopped-at-red-light/2018/05/12/18d2e740-563e-11e8-a6d4-ca1d035642ce_story.html?noredirect=on&utm_term=.7466cb626644¬†‚Ä¶",4099,22479,107157
5/14/2020,Tesla Supercharger usage by region pic.twitter.com/1y2zL2Jizt,1736,3295,48264
5/15/2020,Boring Co will also connect Vegas hotels & airport. Autonomous Teslas in tunnels will provide individualized mass transit.,918,625,10627
5/16/2016,Response to a Mercury News article about an injury on our premises https://www.teslamotors.com/blog/response-mercury-news-article-hidden-workforce-expanding-teslas-factory¬†‚Ä¶,142,659,2391
5/17/2017,T-boned in a Model X at 65 mph http://www.thedrive.com/sheetmetal/10261/man-credits-tesla-model-x-with-saving-his-life-after-stolen-car-crashes-into-it¬†‚Ä¶,382,2412,10773
5/17/2019,This is why we put extra filters in all Tesla cars. S & X even have hospital operating room grade HEPA filters. https://twitter.com/elonmusk/status/1129458434624053248¬†‚Ä¶,1097,4057,51979
5/18/2016,Merc News story about Tesla using $5/hr labor seems to be missing a digit. Tesla actually paid $55/hr. pic.twitter.com/2dTH0ncdKX,217,2009,6612
5/18/2019,Lots more games coming once we finish porting Unity! https://twitter.com/teslainvernon/status/1129594966588547072¬†‚Ä¶,2415,11758,114067
5/18/2020,Tesla Full Self-Driving option cost rises by ~$1000 worldwide on July 1st. Order a Tesla online in less than 2 minutes at https://www.tesla.com/¬†,2817,2654,31564
5/19/2015,"This is not the full Gigafactory, it is just the pilot plant (1/4 size)  https://transportevolved.com/2015/05/18/video-first-drone-video-lets-you-explore-tesla-motors-gigafactory-in-glorious-4k/¬†‚Ä¶",157,809,1274
5/19/2019,"Tesla does not advertise or pay for endorsements. Instead, we use that money to make the product great. https://twitter.com/Teslarati/status/1129127540998705157¬†‚Ä¶",1530,6059,63054
5/2/2015,Last night's Tesla Powerwall and Powerpack unveiling  https://www.youtube.com/watch?v=yKORsrlN-2k¬†‚Ä¶,343,3010,3676
5/2/2016,Bioweapon Defense Mode is real  https://www.teslamotors.com/blog/putting-tesla-hepa-filter-and-bioweapon-defense-mode-to-the-test?utm_campaign=Blog_050216&utm_source=Twitter&utm_medium=social¬†‚Ä¶ This is what happens when you turn it on: pic.twitter.com/LnkHzXTxqN,282,2468,4992
5/2/2018,La la la https://techcrunch.com/2018/05/02/tesla-earnings-q1-2018/¬†‚Ä¶,1451,5635,49580
5/20/2018,Will soon enable Tesla owners to request service from their phone with a few taps. Tesla Ranger will come to you to take care of your car. No need to bring the car in yourself & zero paperwork.,1201,4633,56213
5/21/2018,"Tesla factory literally has miles of painted yellow lines & tape. Report about forklifts not beeping is also bs. These are both demonstrably false, but were reported as ‚Äúfacts‚Äù by Reveal.",63,71,1733
5/22/2017,Excited about the Tesla Autopilot software release rolling out next month. New control algorithm feels as smooth as silk.,855,4161,25140
5/22/2018,Just wanted to say thanks to all Tesla supporters. I damn well love you.,4473,8686,139733
5/23/2018,"Problem is journos are under constant pressure to get max clicks & earn advertising dollars or get fired. Tricky situation, as Tesla doesn't advertise, but fossil fuel companies & gas/diesel car companies are among world's biggest advertisers.",1757,5711,41544
5/24/2018,"Hi Kara! I'm open to it. Right now, I'm cranking super hard at the Tesla factory, so it depends on how things are going next week.",214,226,5126
5/24/2019,"Ironically, same publications will attack me for compensation tied to Tesla tripling in value and imply Tesla is worthless. They can't *both* be true!",104,124,1586
5/25/2018,"Pravda was incorporated a year ago. Also, Tesla factory safety has improved every year & is now better than industry avg. Misleading articles refer to Tesla being worse than avg in 2015 when we were just figuring things out.",54,45,1147
5/26/2017,Comparing Model S vs Model 3 https://www.tesla.com/compare¬†,814,1559,5696
5/26/2018,Can't believe someone leaked this schematic of the Tesla production system!! pic.twitter.com/ylAX3uKTI1,934,3821,43885
5/29/2019,I paid most of my Tesla-related expenses too. Tesla last year was actually net negative comp for me.,472,1603,33798
5/29/2020,"Worth noting that, as of Jan 1, Tesla buyers no longer received any federal tax credit. Model 3 led despite this disadvantage.",392,487,11597
5/3/2019,Changing Tesla horn sound to üêê,3779,15781,179965
5/3/2020,Anyone think they can get a good multiplayer Minecraft working on Teslas? Or maybe create a game that interacts virtually with reality like Pok√©mon Go while driving safely? Like a complex version of Pac-man or Mario Kart?,6563,7795,135051
5/30/2018,"Tesla will always refute articles that are misleading & point out if there is someone with a pattern of doing so. Many fit this description, but Consumer Reports is always fair & accurate in their criticism.",76,288,5865
5/30/2019,Tesla is affecting powerful vested interests. Big auto & oil companies aren't known for their gentle behavior. SpaceX is battling US military prime contractors & space programs of national govts. No walk in the park there.,222,333,2412
5/31/2018,Best analysis of Model 3 to date (German) https://www.wiwo.de/technologie/mobilitaet/elektroauto-zerlegt-tesla-model-3-kann-gewinn-abwerfen/22625806.html¬†‚Ä¶,488,1011,9713
5/31/2019,New Tesla Summon will üß® ur üß†,1910,6153,110865
5/4/2015,Very funny post of a Tesla owner test driving a gasoline car  http://teslaclubsweden.se/test-drive-of-a-petrol-car/¬†‚Ä¶,187,2417,2426
5/4/2018,Please ignore this thread unless you're interested in a tedious discussion about Tesla stock,1545,3695,36073
5/4/2019,"Order online in 2 mins, 7 day return policy  http://Tesla.com¬† https://twitter.com/cleantechnica/status/1124811199332225024¬†‚Ä¶",877,2022,25860
5/5/2016,"Tesla is increasing the production ramp as fast as possible, but I'd recommend ordering a Model 3 soon if you want 2018 delivery",439,2249,6885
5/5/2018,"Looks like sooner than expected. The sheer magnitude of short carnage will be unreal. If you're short, I suggest tiptoeing quietly to the exit ‚Ä¶ https://www.barrons.com/articles/tesla-almost-out-of-stock-for-short-sellers-1525467892?mod=yahoobarrons&ru=yahoo&yptr=yahoo¬†‚Ä¶",570,1107,11513
5/6/2016,@hansmikael @TeslaMotors Thank goodness all are ok,24,22,286
5/7/2016,I love you too! http://www.cnbc.com/2016/05/06/i-love-everything-about-tesla-t-rowe-price-manager.html¬†‚Ä¶,142,379,2342
5/7/2019,"In recent years, hours were much higher. Don't recommend though ‚Äî bad for health & happiness. But no choice or Tesla would die. Hope to reduce to 80 hours next year.",257,307,3927
5/7/2020,"Tesla & SpaceX are the top two destinations for engineers, because you can have the most fun creating kickass technology! That's why.",482,1465,22220
5/8/2019,"Even though lease cost is lower, I recommend purchase, as buyer retains upside value of car vs lease where you have give it back to Tesla",651,439,12872
5/8/2020,Teslas automatically maintain their internal temperature to within safe limits in case a pet or child is left in the car,85,130,2578
5/9/2018,"That's a white rose on my jacket & the choker is a bunch of spikes, not Tesla anything",525,1089,24615
5/9/2019,"We could have gamed an LA/NY Autopilot journey last year, but when we do it this year, everyone with Tesla Full Self-Driving will be able to do it too",154,150,2336
5/9/2020,"Frankly, this is the final straw. Tesla will now move its HQ and future programs to Texas/Nevada immediately. If we even retain Fremont manufacturing activity at all, it will be dependen on how Tesla is treated in the future. Tesla is the last carmaker left in CA.",13466,15301,64200
6/1/2016,Good summary of Tesla annual meeting by @katiefehren http://fortune.com/2016/05/31/elon-musk-confessions-tesla/¬†‚Ä¶,91,1080,2575
6/1/2017,India commits to sell only electric cars by 2030. It is already the largest market for solar power. https://www.weforum.org/agenda/2017/05/india-electric-car-sales-only-2030/¬†‚Ä¶,1794,24457,55154
6/1/2018,"Cool, Tesla S/X have hospital operating room air quality when BWD mode is activated, so shd protect against even a weaponized virus https://twitter.com/oloftenghoff/status/1001845642615017472¬†‚Ä¶",654,5968,45910
6/1/2019,"We're trying to simplify product complexity, so only offering white (technically black & white) interior in high volume markets",268,166,7856
6/10/2018,"Intent of new Tesla Roadster is to beat gas sports cars on every performance metric by far, no exceptions, thus transferring the ‚Äúhalo crown‚Äù effect gas cars have as the top speed leaders over to pure electric.",144,401,5135
6/10/2020,"Wort reading the whole thing
 https://www.tesla.com/ns_videos/2019-tesla-impact-report.pdf¬†‚Ä¶",2330,3265,40693
6/12/2018,"Difficult, but necessary Tesla reorg underway. My email to the company has already leaked to media. Here it is unfiltered: pic.twitter.com/4LToWoxScx",1830,9926,67677
6/12/2019,"True, cost of operating a Tesla is much lower than other cars https://twitter.com/ICannot_Enough/status/1138807297889787904¬†‚Ä¶",767,2666,25231
6/13/2017,US govt testing by @NHTSAgov finds Model X to be the safest SUV in history by significant margin https://twitter.com/teslamotors/status/874610768427204609¬†‚Ä¶,755,4542,20053
6/13/2019,Tesla Solar Toof Tile V3.0 starting early trials https://electrek.co/2019/06/13/tesla-solar-roof-tile-techonology-custom-fittings/¬†‚Ä¶,1089,3016,23615
6/14/2019,"‚ÄúNot only was the paint without any discernible flaw, but the various panels formed a body of precision that was beyond reproach‚Äù https://www.roadandtrack.com/new-cars/a28008116/tesla-model-3-build-quality-bob-lutz/¬†‚Ä¶",644,1098,13405
6/15/2015,SpaceX/Tesla will also do a reference pod to be shown after the @Hyperloop competition. Bonus for all racing teams that exceed reference.,40,467,916
6/15/2018,"My ‚Äúpay‚Äù is in options, which only matter if stock goes up & I sell. Will use that to make life multiplanetary, help education & environment on Earth w my foundation. Just don't want us to be sad about the future. https://twitter.com/norbertelekes/status/1007635225675993089¬†‚Ä¶",1383,13007,76218
6/15/2019,"No need, Top Gear already did https://www.teslarati.com/tesla-model-3-vs-bmw-m3-top-gear-video/¬†‚Ä¶",47,94,1484
6/15/2020,Tesla Model S now first ever electric vehicle to receive EPA range rating above 400 miles! https://www.tesla.com/blog/model-s-long-range-plus-building-first-400-mile-electric-vehicle¬†‚Ä¶,2391,7830,93326
6/16/2018,Amazing work by Tesla team. Built entire new general assembly line in 3 weeks w minimal resources. Love u guys so much! Pic of 1st Model 3 dual motor performance coming off the line ‚Ä¶ pic.twitter.com/Xr55P3fmGd,1447,4360,47054
6/17/2017,"Tesla service rescues a kitten stuck in the bumper 
 https://youtu.be/NSc7wjQ1Ts8¬† https://youtu.be/tEFZsK0X1V4¬†",744,2123,10352
6/17/2018,Well said https://m.dailykos.com/stories/2018/5/29/1767826/-The-War-on-Tesla-Musk-and-the-Fight-for-the-Future¬†‚Ä¶,1716,5273,30966
6/17/2019,That's the Tesla part,51,32,1600
6/18/2018,"Dude, we are California, which is extremely pro union. People can form a union tomorrow & nothing Tesla could do to stop it. UAW can't even get enough sigs to request a vote, cause they have nothing to offer.",36,68,924
6/18/2020,"Tesla has an option to purchase this land, but has not exercised it",833,584,18597
6/19/2015,Tesla service team helps save a stray kitten that took refuge in a Model S. Nice work guys! https://vimeo.com/129510054¬†,142,834,1667
6/19/2016,Tesla owner drives through a flooded tunnel & out the other side http://electrek.co/2016/06/18/tesla-model-s-driving-swimming-flooded-tunnel-video/¬†‚Ä¶,187,2374,4727
6/19/2018,"Needed another general assembly line to reach 5k/week Model 3 production. A new building was impossible, so we built a giant tent in 2 weeks. Tesla team kfa!! Gah, love them so much ‚ô•Ô∏èüöòüí´",405,675,12541
6/19/2019,"Starting next month, Tesla will charge $1000 for color black (same price as silver)",2500,1328,41540
6/19/2020,Juneteenth is henceforth considered a US holiday at Tesla & SpaceX,6719,35501,433778
6/2/2016,"Supercharger policy explained well by @LATimes:

 http://www.latimes.com/business/autos/la-fi-hy-tesla-model-3-chargers-20160601-snap-story.html¬†‚Ä¶

Will post detailed description soon. I think it's a good balance.",256,733,1953
6/20/2018,@Money23Green Thanks for coming by our car factory with @westcoastbill. Tesla team was super fired up to see you! Congrats on your victory!!,71,326,6635
6/20/2019,Kids playing Beach Buggy in Tesla store pic.twitter.com/palYq9rPzl,696,1767,44914
6/21/2019,Tesla is putting significant resources into high-efficiency battery recycling. Makes both environmental & economic sense. Please consider joining if interested in recycling engineering!,55,160,1983
6/21/2020,"Cool, lmk what we can do to improve the product, especially vehicle software/firmware, app & overall interaction with Tesla, as these changes can immediately improve the entire fleet",890,540,28244
6/22/2016,"Article is misleading to readers. No one is ""taking home"" anything. In a stock for stock transaction, nothing comes off the table.",89,161,781
6/22/2018,Was thinking of offering an extended Tesla factory tour option where you could help build part of a car & understand how they come together. I know it would have been super fun for me when I was a kid (or now).,995,1033,15355
6/22/2020,Reminder that Tesla Full Self-Driving (FSD) price goes up by $1k on July 1st,2859,2562,71181
6/23/2018,Tesla factory rn pic.twitter.com/EbgRDhRZ0m,477,1132,17907
6/24/2018,Tesla Semi Truck in Mad Max Mode https://twitter.com/jongold/status/931700690195324928¬†‚Ä¶,652,5652,46353
6/24/2019,üñ§ Tesla Software Engineering üñ§,109,199,7823
6/25/2018,"This doesn't take into account shifting trillions of tons of carbon from subsurface to atmosphere, which could accelerate overheating time by a factor of a million (or so). This is why Tesla.",231,398,5781
6/25/2020,Apologies to Tesla customers for shifting delivery dates. It's a crazy world out there!,2030,2323,87082
6/26/2018,"What would you love to see in a Tesla pickup truck? I have a few things in mind, but what do you think are small, but important nuances & what would be seriously next level?",26155,4648,52325
6/26/2019,Working on Tesla global logistics,103,63,1575
6/26/2020,Only a matter of time before someone steals a Tesla while playing GTA on a Tesla,3972,34433,378876
6/27/2015,"Credit for SolarCity is really due to Rive bros & great team there. My contribution is fairly small.
 http://www.thestreet.com/story/13200976/1/teslas-elon-musk-takes-solar-financing-to-the-brink-of-change.html¬†‚Ä¶ via @thestreet",48,316,688
6/27/2016,"Deluded, deranged, etc. Journalistic thesaurus sure got a lot of use last week ... http://www.forbes.com/sites/brookecrothers/2016/06/26/this-week-in-tesla-news-elon-musk-is-deluded-deranged-and-other-questionable-headlines/#736393734035¬†‚Ä¶",409,1064,4324
6/27/2018,"For sure! When doing US govt crash safety testing, the Model S roof was so strong, it broke their testing machine. https://www.wired.com/2013/08/tesla-model-s-crash-test/¬†‚Ä¶",242,1567,11965
6/28/2020,"Btw, Tesla actually receives *least* subsidies of any automaker in US. Federal tax credit applies to other automaker EVs, but no longer Tesla.",853,1047,18218
6/29/2016,Thoughtful analysis of the Tesla/SolarCity merger by @tsrandall http://www.bloomberg.com/news/articles/2016-06-29/-tesla-solar-wants-to-be-the-apple-store-for-electricity¬†‚Ä¶,122,1170,2567
6/29/2019,Huge thanks to all Tesla supporters around the world helping the cause. We ‚ô•Ô∏è‚ô•Ô∏è‚ô•Ô∏è you!! https://twitter.com/teslaownersSV/status/1132361490688761856¬†‚Ä¶,1026,2266,42635
6/3/2018,Appreciated on behalf of Tesla team,42,126,4804
6/3/2019,Only cars made in China are eligible for these subsidies. Tesla has never had access to them.,148,190,5496
6/30/2016,Our condolences for the tragic loss  https://www.teslamotors.com/blog/tragic-loss¬†‚Ä¶,300,1571,3978
6/4/2016,Good article from @themotleyfool explaining how little incentives have actually contributed to Tesla funding http://www.fool.com/investing/2016/06/04/this-is-how-little-government-support-tesla-motors.aspx?source=yahoo-2&utm_campaign=article&utm_medium=feed&utm_source=yahoo-2¬†‚Ä¶,62,499,1738
6/4/2019,Tesla Superchargers & service centers coming to Kazakhstan this year,164,112,1606
6/6/2017,Tesla shareholder meeting today. Can't believe it's been 1000 years since we went public.  https://www.instagram.com/p/BVAbpGghunY/¬†,551,1261,11917
6/6/2020,Order a Tesla online in 2 mins at http://Tesla.com¬†,5296,3683,53816
6/8/2016,Would like to clarify that Tesla is working exclusively with Panasonic for Model 3 cells. News articles claiming otherwise are incorrect.,165,1617,5605
6/8/2017,"In the US, you can ask your Tesla to play any Monty Python (or other comedy) skit. Doesn't work outside US yet.",823,2780,17709
6/8/2018,Talked with Tesla team. Looks like we can do the aluminum Model 3 pedal covers (slightly different from S). Turning on production for Model 3 Performance version.,59,65,867
6/9/2017,Few people know that we started Tesla when GM forcibly recalled all electric cars from customers in 2003 & then crushed them in a junkyard,1471,13527,42983
6/9/2018,"SpaceX option package for new Tesla Roadster will include ~10 small rocket thrusters arranged seamlessly around car. These rocket engines dramatically improve acceleration, top speed, braking & cornering. Maybe they will even allow a Tesla to fly ‚Ä¶",2081,8630,60499
7/1/2018,"7000 cars, 7 days
‚ô•Ô∏è Tesla Team ‚ô•Ô∏è",4772,12711,140671
7/1/2019,"Yep, order online at  http://Tesla.com¬† in 2 mins & car delivered direct to home https://twitter.com/gursel_mutlu/status/1145187380715855873¬†‚Ä¶",1079,1798,27484
7/1/2020,"Tesla Impact Report (repost). We do everything humanly possible to source materials & produce sustainable energy cars, batteries & solar ethically. Suggestions for improvement are always appreciated. https://www.tesla.com/impact-report/2019¬†‚Ä¶",1869,2859,28928
7/10/2016,Today is Nikola Tesla's birthday. I hope he likes what we've done in his name.,584,11683,33339
7/10/2019,"Absolutely agree, you should be allowed to move your Tesla anywhere in the world, unless it's prevented by government rules. Thanks for letting me know.",75,150,6221
7/10/2020,"Not actually a payout, just a vesting of stock options. It may never pay out, as the stock can't be sold for 5 years after exercise. The stock must be bought & income taxes paid, then hold value for 5 years.",174,144,3543
7/11/2017,"You can now drive anywhere in the US (except N Alaska), most of Europe, China & Japan using the Tesla Supercharger network! https://twitter.com/teslamotors/status/884474294402547713¬†‚Ä¶",1342,3991,21060
7/11/2018,"Catching rocket fairings falling from space has proven tricky, so we made the net really big https://twitter.com/teslarati/status/1016966736946581504¬†‚Ä¶",399,1140,14715
7/11/2019,Motor Trend awards Tesla Model S best Car of the Year ever in their 70 year history!! https://www.motortrend.com/news/2013-tesla-model-s-beats-chevy-toyota-cadillac-ultimate-car-of-the-year/¬†‚Ä¶,1401,2750,24616
7/12/2016,"Tesla finishes last in being salesy! Good. Also, I can't believe there is a real Pied Piper. http://electrek.co/2016/07/11/tesla-finishes-last-mystery-shoppers-study-staff-like-museum-curators/¬†‚Ä¶",270,1470,5808
7/12/2018,Just finished an amazing 3 day visit to China. The world has never seen human energy & vigor at such scale. Incredibly impressed with Tesla China team & potential for the future.,1133,2618,39519
7/13/2016,We don't mind taking the heat for customer safety. It is the right thing to do. From @RoadandTrack http://www.roadandtrack.com/car-culture/news/a29944/leave-tesla-alone/¬†‚Ä¶,235,1627,5065
7/13/2018,Interesting read https://teslamotorsclub.com/tmc/threads/elon-musk-vs-short-sellers.118431/¬†‚Ä¶,486,1186,8335
7/14/2016,EU regulators find no safety concerns with Autopilot http://electrek.co/2016/07/14/european-authority-tesla-autopilot-after-beta-scare/¬†‚Ä¶,122,1059,3217
7/14/2018,"I'm honored to work with an amazing group of people at Tesla, but always happy to talk to an ace who might want to join",176,144,3756
7/15/2016,"Working on using existing Tesla radar by itself (decoupled from camera) w temporal smoothing to create a coarse point cloud, like lidar",376,2034,6371
7/16/2019,Cost of Tesla full self-driving option increasing by ~$1000 on August 16,1322,1166,25816
7/17/2016,"Tesla customers are v smart & don't want media speaking on their behalf abt Autopilot. Recent poll: 0.0% want it disabled -- not 0.1%, 0.0%.",196,1844,5775
7/17/2017,"I should clarify: Tesla stock is obviously high based on past & present, but low if you believe in Tesla's future. Place bets accordingly ‚Ä¶ https://twitter.com/mktsinsider/status/886976812626128897¬†‚Ä¶",943,4244,21806
7/18/2016,"Thanks. Exactly. Some in the press think they're so much smarter than Tesla owners that ""they know better"". Makes no sense.",30,51,435
7/19/2016,"Will be working at Tesla on Autopilot & Model 3 today, then aiming to pull an all-nighter and complete the master product plan",804,2163,11493
7/19/2019,Tesla Service Centers & Superchargers are being opened as fast as possible across Eastern Europe https://twitter.com/cleantechnica/status/1151970082354028544¬†‚Ä¶,828,877,14296
7/2/2019,Congratulations Tesla team & thanks to all the new Tesla owners!! ‚ô•Ô∏è‚ô•Ô∏è https://twitter.com/CNBCnow/status/1146151371571380225¬†‚Ä¶,1686,4302,58380
7/2/2020,Tesla will make fabulous short shorts in radiant red satin with gold trim,5423,11750,175348
7/20/2016,Post should go live on Tesla website around 5pm,304,653,3025
7/21/2016,"Tesla Master Plan, Part Deux http://tesla.com/blog/master-plan-part-deux¬†‚Ä¶",1201,11530,20864
7/21/2017,LA-SF-Reno/Sparks would be great. Tesla logistics costs for Sparks-Fremont (batteries & motors) and Fremont-LA (finished cars) are gigantic.,34,35,375
7/21/2018,"Yes, Tesla Model S, X & 3 all automatically keep cabin temperature within safe limits even when parked https://insideevs.com/tesla-cabin-overheat-protection-tested/¬†‚Ä¶",228,899,9765
7/23/2016, http://www.wsj.com/articles/tesla-autopilot-crash-shouldnt-slow-self-driving-development-regulator-says-1469200956?ru=yahoo?mod=yahoo_itp¬†‚Ä¶,133,699,2655
7/23/2018,Wall Street https://twitter.com/Teslarati/status/1021225570766639104¬†‚Ä¶,606,1231,12675
7/25/2018,M√∂tor Trƒìnd https://www.motortrend.com/cars/tesla/model-3/2018/2018-tesla-model-3-dual-motor-performance-review/¬†‚Ä¶,754,1340,13261
7/26/2017,Love this Tesla P100D drag racing video https://m.youtube.com/watch?v=ARzujfRiQ3c&feature=youtu.be¬†‚Ä¶,618,3033,14074
7/26/2018,"Worth another retweet. Hope Dan Neil returns to Twitter. He left due to relentless attacks from short-sellers, who constantly peddle fear, uncertainty & doubt about Tesla. Dan won the Pulitzer & is considered by many to be the best car critic in the world. https://twitter.com/tesla/status/1020012323606487041¬†‚Ä¶",804,2717,21910
7/26/2019,"Btw, you can schedule service via the Tesla app in less than a minute",126,134,6647
7/27/2017,Tesla team will verify,28,20,923
7/27/2019,"Ability to stream YouTube & Netflix when car is stopped coming to your Tesla soon! Has an amazingly immersive, cinematic feel due to the comfy seats & surround sound audio.",2211,9052,119191
7/28/2019,Tesla owners can schedule service appointments in under a minute just using their Tesla phone app!,771,949,27039
7/29/2016,Some good guessing by @Jalopnik. The Tesla Minibus will be built on a Model X chassis. People density potential is surprisingly high.,193,1086,4527
7/29/2017,First! https://twitter.com/teslamotors/status/890291870298849280¬†‚Ä¶,425,2831,19947
7/29/2019,Tesla Megapack now available for utility-scale energy storage https://www.tesla.com/blog/introducing-megapack-utility-scale-energy-storage?redirect=no?utm_campaign=Utility&utm_source=twitter&utm_medium=¬†‚Ä¶,631,1859,17257
7/3/2017,Wanted to say thanks to all that own or ordered a Tesla. It matters to us that you took a risk on a new car company. We won't forget.,3531,7803,70680
7/3/2018,The Spice Flows https://twitter.com/tesla/status/1014221135850827776¬†‚Ä¶,797,1584,20446
7/3/2019,Reason for top rating is that active steering & braking safety features of Tesla Autopilot are turned on no cost for all cars https://www.wired.com/story/tesla-model-3-can-survive-crash-avoid-one-too/¬†‚Ä¶,488,1101,12573
7/31/2016,Model Y (compact SUV) off Model 3 chassis. Tesla Bus/Minibus/Spacebus off Model X.,40,107,463
7/31/2017,"Thoughtful Model 3 review by @tsrandall, one of the most insightful journalists https://www.bloomberg.com/news/articles/2017-07-31/driving-tesla-s-model-3-changes-everything¬†‚Ä¶",438,2566,10164
7/31/2018,"Not having a big gas guzzler engine in front means there's room for trunks in front & back, plus longer crumple zone for best safety of any midsize car https://twitter.com/Tesla/status/1024335091785289729¬†‚Ä¶",594,1332,18026
7/4/2020,Congrats Tesla Team ‚Äî U ROK!! https://twitter.com/vincent13031925/status/1278671904207892480¬†‚Ä¶,3524,1706,38850
7/5/2016,Because of course I hate flamingos...(maybe try eating fewer flamingo eggs in your salad) http://m.timesofindia.com/tech/computing/How-Elon-Musks-Tesla-Motors-maybe-killing-flamingos-with-its-electric-cars/articleshow/53062798.cms?utm_source=facebook&utm_medium=referral&utm_campaign=TOITech¬†‚Ä¶,425,755,3094
7/5/2018,"Note, no one is in the car or controlling remotely. Car is driving entirely by itself. https://twitter.com/tesla/status/1014515503740567553¬†‚Ä¶",765,2283,23212
7/5/2020,Limited edition short shorts now available at http://Tesla.com/shortshorts¬†,6902,10329,118469
7/6/2016,Tesla response to the misleading Fortune articles about Autopilot http://tesla.com/blog/misfortune¬†,209,1691,4000
7/7/2017,This will be the highest power battery system in the world by a factor of 3. Australia rocks!! https://twitter.com/teslamotors/status/883163847594360833¬†‚Ä¶,1362,8699,32356
7/7/2020,"Essentially. Long-term purpose of my Tesla stock is to help make life multiplanetary to ensure it's continuance. The massive capital needs are in 10 to 20 years. By then, if we're fortunate, Tesla's goal of accelerating sustainable energy & autonomy will be mostly accomplished.",1037,2802,41013
7/8/2016,"Model S had the lowest probability of injury of any car ever tested by NHTSA, which is why ... http://electrek.co/2016/07/07/tesla-model-s-son-survive-80mph-crash-truck-images/¬†‚Ä¶",161,2149,5959
7/8/2017,"Stop biting my finger dammit 
 https://m.youtube.com/watch?v=_OBlgSz8sSM¬†‚Ä¶ https://www.wsj.com/articles/teslas-skid-is-coming-at-the-worst-time-1499446957?mod=yahoo_hs&yptr=yahoo&mg=prod/accounts-wsj¬†‚Ä¶",770,1012,8164
7/8/2019,All HW2+ cars are upgradable to full self-driving capability with Tesla FSD computer & all production in past few months has FSD computer,136,187,3757
7/8/2020,Tesla China team is awesome!,328,255,8601
7/9/2019,Would be cool if car took you to a random fun place traveled to by other Tesla owners in the area,833,1424,55602
8/1/2018,"If you're into video game development, consider applying to Tesla. We want to make super fun games that integrate the center touch screen, phone & car irl.",4288,11274,73155
8/10/2017,Major increases in the Supercharger and Tesla urban charger network happening over the next several months,162,299,3771
8/11/2017,"MB was given 52 weeks of salary & stock in appreciation for her great contribution & left to join a small firm, once again as a generalist",44,174,1390
8/11/2018,Short shorts coming soon to Tesla merch,2482,15042,100362
8/11/2019,Try playing Powerglide in your Tesla at volume 11 https://open.spotify.com/track/1BuZAIO8WZpavWVbbq3Lci?si=YUalSJxlT7i99etvKiJJew¬†‚Ä¶,891,2140,19030
8/12/2018,Model 3 traction testing on pure ice & snow https://twitter.com/Tesla/status/1028673766090399744¬†‚Ä¶,849,2984,30234
8/14/2017,"Tesla Powerwalls can support houses of any size, but the cool thing is we can tow this house around with a Model X! https://twitter.com/electrekco/status/896912532031590401¬†‚Ä¶",1119,4296,21762
8/14/2018,"I'm excited to work with Silver Lake and Goldman Sachs as financial advisors, plus Wachtell, Lipton, Rosen & Katz and Munger, Tolles & Olson as legal advisors, on the proposal to take Tesla private",700,1191,12305
8/15/2019,"Tesla audio engineers come from B&O & many other companies. They literally r≈çq. Our system is highly programmable, so we keep improving it via OTA codec updates.",93,136,1944
8/18/2018,Super appreciate free concert for Tesla during this intense time! üñ§üñ§ https://twitter.com/Tesla/status/1030662218138890240¬†‚Ä¶,672,1065,19640
8/18/2019,Tesla Solar just relaunched. Lmk what you think ‚Ä¶ http://Tesla.com/solar¬†,4861,3250,46302
8/19/2018,Ford & Tesla are the only 2 American car companies to avoid bankruptcy. I just got home from the factory. You think this is an option. It is not.,1555,3411,39720
8/20/2017,"We are going to move all info and settings to the ""cloud"" (aka server) so any Tesla you drive in the world automatically adjusts to you",232,925,7757
8/20/2019,"Price increase for Tesla FSD postponed until version 10 with smart summon is in wide release, which is about 4 to 8 weeks away, depending on how early access goes",1213,645,12362
8/22/2016,Owner account of a Model X severely  impacted by a Yukon https://electrek.co/2016/08/22/tesla-model-x-crash-accident-bloomington-minnesota/¬†‚Ä¶,144,2120,6152
8/23/2016,Tesla product announcement at noon California time today,651,4502,12637
8/23/2017,"A midnight amendment, followed by a vigorously opposed subpoena. Someone has been naughty ‚Ä¶ https://cleantechnica.com/2017/08/22/tesla-wins-battle-war-michigan/¬†‚Ä¶",589,1549,9525
8/24/2018,"Goal is to service your car wherever you are, quietly & quickly. No need to bring it to a Tesla service center. https://twitter.com/Tesla/status/1032706860359417856¬†‚Ä¶",1408,4805,44099
8/24/2019,"If you're a utility or public utilities commission, please consider using the Tesla Megapack. Better for the environment & usually lower cost than fossil fuel peaker plants! https://www.tesla.com/megapack¬†",801,2647,22995
8/25/2018,"What's cool is that it was driven across the country alone (no escort or any accompanying vehicles), using the existing Tesla Supercharger network and an extension cord",207,601,9047
8/26/2017,"Tesla does not really have ""TTunes"". That's a joke.",59,101,1080
8/27/2017,"Exactly. Wouldn't let anyone invest more than a token amount in early rounds of SpaceX and Tesla, as the probability of failure was >90%.",14,20,295
8/28/2019,"Also, u can order online at  http://Tesla.com¬† in 2 mins, have car delivered to ur doorstep & return for full refund https://twitter.com/cleantechnica/status/1166596870438866944¬†‚Ä¶",973,1171,14035
8/3/2019,"Also, you can request any service from the Tesla phone app in under a minute",320,255,8802
8/30/2019, https://twitter.com/Teslarati/status/1167410401878974465¬†‚Ä¶ pic.twitter.com/G98dOzgWTv,486,4470,53336
8/31/2016,Writing post now with details. Will publish on Tesla website later today.,106,271,1834
8/31/2017,We took the SpaceX/Tesla Hyperloop pusher pod for a spin by itself a few days ago to see what it‚Ä¶  https://www.instagram.com/p/BYckipugds5/¬†,371,2041,17841
8/4/2019,Lyft/Uber/taxi drivers are expert Tesla advocates. Thanks for your support!! https://www.businessinsider.com/tesla-model-3-best-features-learned-after-first-ride-2019-8¬†‚Ä¶,594,1043,15886
8/5/2017,Officially verified as the first production electric car to exceed 1000km on a single charge! Congratulations Tesla Owners Italia!! https://twitter.com/teslaownersit/status/893255144447643648¬†‚Ä¶,917,13878,50050
8/5/2018,"Dang, turns out even Hitler was shorting Tesla stock ‚Ä¶ https://m.youtube.com/watch?v=wxEClGh6Mus¬†‚Ä¶",1098,2532,17577
8/6/2015,Tesla Snakebot autocharger prototype. Does seem kinda wrong :) https://twitter.com/teslamotors/status/629305813912326146¬†‚Ä¶,349,2317,2949
8/7/2018,Am considering taking Tesla private at $420. Funding secured.,6135,15668,88632
8/7/2019,And @JayLeno really knows cars! https://www.cnbc.com/2019/08/06/jay-leno-on-tesla-electric-cars-are-the-future.html¬†‚Ä¶,454,1339,14897
8/8/2018,Tesla deliveries & AP hardware chart by @lexfridman at MIT pic.twitter.com/6vZxKMcec2,494,1178,10990
8/8/2019,But actual road data is what matters most https://www.tesla.com/VehicleSafetyReport¬†‚Ä¶,142,292,5118
8/9/2019,Tesla software V10 is lookin real good! Releasing to early access list soon ‚Ä¶,1026,1446,33553
9/10/2019,Getting ready for flight of orbit-class Starship design https://twitter.com/Teslarati/status/1171502020114538497¬†‚Ä¶,448,1041,14422
9/11/2018,"Moving 2 of 7 Tesla colors off menu on Wednesday to simplify manufacturing. Obsidian Black & Metallic Silver will still be available as special request, but at higher price.",1459,1336,26310
9/12/2018,"Due to a large increase in vehicle delivery volume in North America, Tesla customers may experience longer response times. Resolving this is our top priority.",1379,1552,30324
9/13/2016,Comprehensive study by Autolist shows that a Tesla retains its value far better than gasoline sedans https://electrek.co/2016/09/13/tesla-model-s-value-retention-leading-segment-losing-only-28-after-50k-miles/¬†‚Ä¶,110,1293,4320
9/13/2017,Tesla Semi truck unveil & test ride tentatively scheduled for Oct 26th in Hawthorne. Worth seeing this beast in person. It's unreal.,1782,14036,68289
9/13/2019,Tesla commercial solar ordering now live at  http://Tesla.com/bigsolar¬†!,781,1026,14917
9/14/2018,Electric cars made with sunlight https://twitter.com/Tesla/status/1040302986730209281¬†‚Ä¶,1168,6575,59153
9/14/2019,Good analysis. You can order commercial solar in literally 30 secs if you use Apple Pay at  http://Tesla.com/bigsolar¬†. https://twitter.com/cleantechnica/status/1172941000463044609¬†‚Ä¶,493,1123,14241
9/15/2018,"Tesla owners can grant free Supercharging for life to a friend who buys S/3/X. Ends tomorrow night.  http://tesla.com/support/referral-program¬†‚Ä¶""",1159,2208,18366
9/15/2019,Thanks Tesla owners. You rock!! ‚ô•Ô∏è‚ô•Ô∏è https://twitter.com/cleantechnica/status/1173049999258615808¬†‚Ä¶,670,745,17306
9/16/2016,Tesla P100D put to the test by Drag Times http://bgr.com/2016/09/15/tesla-model-s-p100d-speed-review/¬†‚Ä¶,100,873,2928
9/16/2017,Def not ok. Just sent a reminder to Tesla stores that we just want people to look forward to their next visit. That's what really matters.,203,390,9932
9/16/2018,"Tesla is bringing most collision repairs in-house, as outside firms take weeks to months for repairs, driving Tesla owners (and us) crazy",664,1416,21688
9/16/2019,"Feeling Lucky (Google tribute!) or Hungry are 100% intended for max enjoyment of Tesla owner. If location has destination chargers, that's a plus, but car should only route there if location is great. This will be hit & miss initially, but should hone towards excellent over time.",159,192,2856
9/17/2018,"Due to some Tesla owners encountering system issues yesterday, the free Supercharging referral program will be extended until tomorrow night https://twitter.com/joeykrug/status/1041562562607960069¬†‚Ä¶",302,453,6946
9/19/2018,Tesla Rangers!,116,104,4686
9/19/2019,Electric is the future! Congratulations Daimler!! https://twitter.com/Teslarati/status/1174737467636887554¬†‚Ä¶,1099,4248,45919
9/20/2018,Tesla piece on the physics of car safety coming soon for those interested in technical details,399,717,13594
9/21/2016,Tesla keeps temp below 40C/105F by automatically venting cabin & turning on AC when needed. Can do this for up to a year on a full charge.,181,1249,4629
9/22/2016,"Tesla is sometimes criticized for government support, but all US car companies (plus some non) got loans and only Tesla has paid its back https://twitter.com/forbes/status/778711909541392384¬†‚Ä¶",324,5575,13884
9/22/2018,"Wow, thanks for offering to help! The coming week is incredibly intense. If any current Tesla owners who'd like to help educate new owners could head to Tesla delivery centers during midday on Sat/Sun & morning/evening on weekdays, that would be super appreciated!",345,336,2773
9/23/2016,Good Forbes article on Tesla/SolarCity merger  http://www.forbes.com/sites/adamhartung/2016/09/23/why-investors-should-support-the-tesla-solarcity-merger/?utm_source=yahoo&utm_medium=partner&utm_campaign=yahootix&partner=yahootix#329d7ef64c32¬†‚Ä¶,142,1251,3564
9/23/2019,"Hoping to open in Slovakia, Croatia, Serbia & most of Eastern Europe early next year. Finally, we will do Nikola Tesla proud by having his cars in his countries of origin!",319,504,3600
9/24/2019,"Tesla is building a major engineering team in China, incl heavy focus on software/firmware for factory & car",139,155,2272
9/25/2018,‚ô•Ô∏è Tesla Owners ‚ô•Ô∏è https://twitter.com/elonmusk/status/998786412970369024¬†‚Ä¶,2652,2872,57160
9/26/2019,Tesla V10.0 just started rolling out to all US Tesla owners with FSD option & ‚Äúadvanced download‚Äù selected in vehicle software settings,1385,1419,23995
9/27/2019,"Meanwhile, back in reality https://twitter.com/Teslarati/status/1177597928145330176¬†‚Ä¶",412,862,13724
9/28/2016,Something messed up here. Tesla policy is equal pricing for all. No discounts ever unless a car is a floor model or was damaged.,8,20,244
9/28/2018,Huge thank you to all Tesla supporters for helping with car deliveries all around the world. You rock!!,1102,1763,38906
9/29/2018,Tesla will deliver your car to you. This is the future. The way it should work.,100,77,1379
9/3/2019,"Try Tesla Insurance. Should be ~20% less than avg. Currently only in California, but expanding soon. Critical feedback much appreciated. http://Tesla.com/insurance¬†",1433,1252,17369
9/6/2018,"Tesla 1st, 2nd & 3rd in August sales https://twitter.com/InsideEVs/status/1037484104915345410¬†‚Ä¶",718,1371,13155
9/7/2019,Tesla doing laps at Nerdburgering https://twitter.com/Tesla/status/1170381150847741952¬†‚Ä¶,676,2759,40828
